model_name,cv_accuracy_mean,cv_accuracy_std,cv_precision_macro_mean,cv_recall_macro_mean,cv_f1_macro_mean,cv_fit_time_mean_sec,cv_score_time_mean_sec
Random Forest,0.8671854035286917,0.0027846639182246614,0.8748889952475851,0.8448055367674778,0.8489991199287521,21.346835112571718,0.14745161533355713
Soft Voting Ensemble,0.855623153622427,0.0030067851252113553,0.8523797352355309,0.8377071541202227,0.8408460808178658,1024.919946718216,46.24894094467163
SVM,0.843422257433349,0.0035819214437412235,0.8366875735933471,0.8262412137546431,0.8286562644626333,1023.3223945617676,46.94676311016083
Logistic Regression,0.6388309745879699,0.0034382307805068957,0.5984122174417293,0.6056769402948989,0.5806780149218098,4.245113015174866,0.010543441772460938
